No;Nama;Ulasan;Label
1;Antonina Suryantari;Tempatnya bagus tetapi agak kotor. Ada limbah tebu yang sepertinya dibuang di sekitar area sehingga ada bau tidak sedap yang tercium. Kalau areanya bersih, akan lebih menyenangkan menghabiskan waktu di sana.;Negatif
2;izdiharuddin muhammad;Pemandangan yg indah, adem pula suasanyanya meskipun pinggir laut. Cuman air terjunya hanya ada ketika musim hujan;Positif
3;Novakusuma Bangsa;tempat wisata yg keren dan recomended bgt buat dikunjungi, apalagi kuliner dan es degannya yg bner2 bisa buat kita move on dari mantan?? …;Positif
4;Hendra Susanto;Mantap viewnya bagus banget, terlihat masih asri dan air terjunnya langsung ke pantai;Positif
5;Gabriel Pramana;Pemandangannya bagus tempatnya nyaman. Tetapi sangat di sayangkan dialiran air terjun masih banyak sampah sampah plastik yang berserakan, alangkah lebih baik pengelola dapat membersihkan sampah sampah tersebut agar pemandangan jauh lebih baik lagi;Negatif
6;Nur Azizah;"Indah
Tiket masuk 5rb/orang, anak2 free
Batu karang nya sampai hampir ke tengah, air sekitar air terjun agak keruh, tp …";Negatif
7;Adi Purna;"Bagus
Unik jg air terjun di pinggir laut
Saran saya kalau ingin lihat airnya bagus jernih berkunjung kesini pas musim …";Positif
8;muhammad ansani;Tempatnya nyaman lesehan, makanannya lumayan banyak menu yg disajikan tentunya pinggir laut jadi dapat pemandangan sekaligus bisa menyantap hidangan;Positif
9;tri haryadi;2/6/21. Pemandangan di sini bagus karena memadukan air terjun dan laut. Harga tiket masuknya murah, 5k/orang. Tapi perawatan dan pengembangannya kurang. Banyak sampah. Harga parkir juga agak mahal untuk ukuran wisata yang hanya satu obyek, 5k/motor R2. Kalau ada yang mau ditanya, silakan. Jangan lupa like juga.;Negatif
10;S Nowo El Mahdy;"Dulu lumayan sering ke sini.
Salah satu destinasi paling favorit kalau hendak hunting foto landscape di Pulau Madura. …";Positif
11;Nurdin Rizqiansyah;"Wisata air terjun toroan...
Airnya sungai langsung terjun ke laut...
Tempatnya terawat dan bagus dilihatnya...
Tiket 5k/org...
Salam dr jember...
Semoga kedepanya lebih baik lagi dan...
Top dah buat air terjun toroan";Positif
12;Luki Hidayah;Patut dicoba, masih sangat alami, sebelum masuk infokan ke petugas airnya ada, krn kalau musin kemarau suka kecil debit air terjunnya;Positif
13;ananda alden;"Tempatnya bagus selain air terjun ,diatasnya jg ada rest area.
parkir 5rb+masuk 5rb (hari biasa)";Positif
14;REANITA PUTRI ARDANA;Kondisi setelah hujan, airnya jadi kecoklatan;Negatif
15;N3Y;Pulau Madura ternyata mempunyai obyek wisata air terjun juga, sy pikir Madura hanya mempunyai obyek wisata bukit kapur dan pantai saja. Ternyata Madura mempunyai obyek wisata yang menakjubkan salah satunya adalah air terjun Toroan. …;Positif
16;asan vagez;"Sengkok oreng ketapang cong.. dus nodusih

Sangat TIDAK rekomendasi,. …";Negatif
17;Faisol Munif;Air terjun toroan ini bagus sekali, air terjun yang jatuhnya langsung ke laut. Pemandangan yang indah, bisa menikmati air terjun sekaligus menikmati keindahan laut lepas. Ada beberapa spot untuk foto yang bagus untuk dijadikan tempat untuk …;Positif
18;Indra Susandi;Dari Sumenep ke air terjun yang berada di utara ini benar2 butuh perjuangan. Melewati hutan2 sepi dan perbukitan serta jalannya banyak lubang. Sampai Ketapang sudah malan dan nginap di spbu karena satu2nya homestay sdh full. Pagi2 ke air …;Negatif
19;Masagus Imaduddin;"Jarang-jarang ada air terjun di pinggir pantai nih.

Reccomend banget kesini, tapi emang harus sabar di perjalanan, agak jauh memang …";Positif
20;Herlina Anita;Air terjun toroan terletak di kabupaten sampang. Air terjunnya tdk terlalu tinggi. Pemandangan di sekitar lumayan bagus apalagi kalo saat matahari mau tenggelam. Jalan menuju lokasi medannya baik dan lancar. Di air terjun toroan ini tidak diperbolehkan untuk mandi karena sdh pernah menelan korban jiwa. Tidak bisa buat kemah juga.;Positif
21;Yoshima Putri;"Pas nyampe disana. Pemandangan kalender ini mah. Wkwk
Liat aja foto2 nya bener keren, ini salah satu air terjun yang airnya langsung diterusin ke laut. Waw. Hati2 tapi kalau berenang disini takut keseret ke laut. Tapi selama laut gak pasang, worth it banget lah .. Air tenang, bening kayak kristal ?? …";Positif
22;RnT;Lokasinya berada di pinggir jalan pantura Madura sehingga sangat mudah dijangkau. Pertama kali sampai, pemandangan laut biru menyambut. Air Terjun Toroan memiliki keunikan menghadap langsung ke laut. Untuk menuju lokasi air terjun kita …;Positif
23;Joko Suprapto;Pemandangan cukup bagus kebersihan lumayan bagus Smg LBH ditingkatkan lagi dg fasilitas yg bagus bisa bersaing dg wisata lainnya;Positif
24;Rahmi Saptarianti;Melipir ke sini...Air Terjun Toroan adalah salah satu air terjun yg indah di Madura, buat saya unik karena air terjun ini langsung mengalir ke laut Utara Jawa. Biasanya kalo pengen liat sunset ke pantai identik sama pasir kan? Nah di Toroan …;Positif
25;moh rasul;Tempatnya bagus tolong di tambahkan tempat buat spot spot foto selain air terjunnya dan taman main untuk anak bisa di rekomendasi kan.;Positif
26;agoest jayadi;Kalau kesini cuma bayar parkir 5 ribu saja... ada warung2  yg siap menyambut anda+toiletnya.... saran saya, jangan mandi di bawah air terjunnya pas..karena kategori dalaaaaam dan bahaya karena karang2 nya tajam2... apalagi bwt yg gkbs berenang... klw kpingin mandi, mending di pantainya saja;Positif
27;Faradina Ilma;Kesana pas airnya deres banget. Tapi keren, bagus pemandangannya;Positif
28;Waskitho Wee;"Secara pemandangan, air terjun ini biasa saja sebenarnya, aku bahkan meragukan kata ""air terjun"" karena tingginya yang cuma beberapa meter saja. Jalan sebentar dari parkiran dan air terjun langsung terlihat, gak butuh treking panjang. …";Positif
29;candri maulida;Tempat nya baguss,  pantai yang ada air terjun nya..  Untuk biaya masuk 5.000 perorang dan parkir motor hanya 5.000. Kesana paling enak pagi pas air surut jadi bisa foto di spot² yang bagus..;Positif
30;Tamamul Anwar;Suasananya nyaman.  Dari kota sampang ke sini butuh waktu  kurang lebih jam.  Disini terdapat 3 air terjun   1 lebar dan 2 kecil. Rekom buat teman teman yang ada di daerah sekitar sampang.  Bisa buat memajakan mata.  Foto di ambil saat siang hari.  Eh iya harga parkir nya juga standar kok.;Positif
31;Zein Calvin Story;Bagus,tidak perlu jauh jauh jalan dari parkirannya,,biaya masuknya juga cukup murah hanya 10rb untuk 1 mobil.hanya saja tempat parkir disini  panas tidak ada tempat teduh..;Positif
32;Atika Anggiasih;"Nice view. Tp ga sanggup naek turun tangganya sih.
Blm diexplore banget jg soalnya. Letaknya juga di jalur utara madura yg masih baru banget.
Masih sepi tempatnya.";Positif
33;faiqotul isma dwi utami;"Super keren twmpat ini...

Air terjun langsung ke laut lepas
Masuknya free, cma bayar uang parkir motor 5000 aja";Positif
34;INJ PenaOficial;Tempat sngat strategis, tepat di sebelah jalan raya, pemandangan sangat bagus, apalagi ketika pagi dan sore, ditambah dengan desain cafe yg sangat cantik serta dinding tangga yang cerah2;Positif
35;Arif jeeh;Keren banget sih, saya kesini waktu sore jadi hasil fotonya keren. Masuk cuma bayar parkir aja kok. Buat ke air terjunnya juga dekat, turun sedikit aja dari parkiran. Di dekat parkiran juga terdapat penjual makanan dan minuman lesehan yang langsung view ke arah pantainya;Positif
36;Lek Yung;Tdk rugi dtg ke tempat ini .... jalan nya enak, gak terlalu jauh .... akses masuk ke air terjun sangat dekat .... jalannya enak .... air terjun bagus .....;Positif
37;frank rush;Ada restorannya, harga murah, rasa pas aja poin 7. Hati2 ke lokasi air terjunnya, jalan agak licin dusim hujan.;Positif
38;Vicky Faisal;Air Terjun Toroan. Satu satunya air terjun yg ada di Madura. Yang mana sumbernya dari mata air alami yang langsung turun ke Laut. Lokasi air terjun ini berada di Desa Ketapang Timur Kecamatan Ketapang Kabupaten Sampang Madura. Lokasinya tepat di Pinggir jalan mempermudah wisatawan untuk berkunjung ke tempat ini.;Positif
39;Ligar Syam Rama;"Lokasi sekitar 80 km dari jembatan suramadu, tp dengan jalan yg lumayan bagus dan sepi jd g trlalu bosen d jalan.
Sampai d lokasi langsung saja parkir, tidak dipungut biaya masuk lokasi air …";Positif
40;Hidayatul Mustofa;"Tempat yg bagus..
Air terjun alami..
Suasana adem.. …";Positif
41;Riska Auliya;Nice bagus, cuma saya datang pas habis hujan jadi jalanan agak licin jadi hati-hati ya man teman, ada warung juga parkir lumayan luas;Positif
42;Tri Junaedi Sabri;Air terjun ini bagus untuk fotografi. Cman kurang bagus untuk bermain air karena tempatnya banyak batu dan airnya biasanya ndak jernih. Untuk fasilitas di sini sudah mulai berbenah, toilet sudah ada. Restoran kecil kecilan juga tersedia. Jadi setelah motret bisa nongkrong makan di sini.;Positif
43;Eriana Siskawati;pemandangan yang sangat indah, cocok juga untuk orang orang luar kota yang berlibur di air terjun ini, Dan biayanya cukup murah.;Positif
44;4r1f Maman;Alhamdulillah,Segala puji bagi Allah,tuhan tunggal,Esa....cuma dipingir banyak sampah...kalau bisa pengurus mungut biaya masuk, tiap hari bersihkan sampahnya?;Negatif
45;tufail aulia;Air terjun toroan, dilengkapi fasilitas musholla, toilet, warung makan kadang buka kadang tutup, mudah terlihat dari jalan raya. Wisata masih alami hanya kena parkir R4 10.000, R2 5000. parkir luas dan nyaman.;Positif
46;Zain Mughozin;Karena habis hujan jadi airnya keruh;Negatif
47;Muhajir Al Mubarok;Bagus bgt..;Positif
48;dyah purwanti;Air terjunnya biasa aja cuma letaknya langsung jatuh ke pantai itu yang bikin banyak orang penasaran,tempat untuk makan dan minum,toilet sudah ada tapi untuk mushola ada sih tapi bentuknya seperti gardu jaga.mestinya mushollanya dibuat jauh lebih baik agar waktu beribadah lebih nyaman.;Negatif
49;Bang Tora;"Entah berapa kali mengunjungi Pulau Madura, keliling melipir jalur pantura dan mengexplore obyek wisatanya. Mengexplore dari Bangkalan hingga Sumenep. Pulau ini selalu jadi ""jujukan"" saat kawan-kawan luar Jawa datang dan ingin merasakan …";Positif
50;fadel abu aufa;Anda lewat pantura madura, rasanya kurang lengkap tanpa mampir di air terjun toroan tepatnya di ketapang timur kabupaten sampang, air terjunnya langsung jatuh ke laut dan satu-satunya di madura dan sekarang sudah ada rest area, tempat parkir, rumah makan serta toilet;Positif
51;Irfan Pradana;Akses jalannya mudah, bayar parkir aja 5000, tempatnya bersih, bagus, cocok buat foto2, adem banget dideketnya air terjun.. Ga sia2 jauh2 kesini IG @marchirfan;Positif
52;Maria Farida;Air terjun yang indah dan langsung jatuh di tepi pantai utara Pulau Madura;Positif
53;fitri rahmatullah;Pertama kesini blm ada yg mengelola, masih gratis. Sekarang sudah ada yg mengelola, sudah ada cafe2, toilet, parkir dan mushola;Positif
54;riko hannafi;Air terjun turoan. Air terjun yg mengarah langsung ke pantai. Fasilitas lengkap ada mushola, parkir luas.tp sayang tidak boleh berenang di area air terjun.lumayan untuk liburan menikmati alam.;Positif
55;Ila Muizza;Tempatnya bagus dan sejuk. Masuk gratis. Cuma bayar parkir 5rb. Kalau ke sini cobain foto dari atas air terjunnya. Lihat pemandangan di bawah dari atas. Lokasinya deket toilet.;Positif
56;Bambang Eko Listrianto;Air terjun muara sungai yg  cukup curam ,;Positif
57;Petualang Hijrah Original Video No Editing;Wisata asik... sederhana.. bagus buat selfi dan foto...harga tiket masuk cuman 3000;Positif
58;lis miati;"Tempat nya Nayaman sejuk bagus buat berfoto dengan keluarga ...tp kl hujan laut nya ad sampah"" yg merusak pemandangan mata";Positif
59;Onez;Lokasi ini cocok bangrt buat berlibur bagi keluarga dan spot yang bagus untuk mengabadikan momen senja..silahkan follow ig saya @onezliano bonus follback ?? …;Positif
60;Feizal Aditya;Air terjunnya keren airnya langsung jatuh pinggir pantai, pantai lumayan bersih, akses gratis cuma bayar parkir aja untuk motor 5rb, ada tempat makan juga.;Positif
61;Cimahi_SM Ekstra_Anggih SK._SM3;Air terjun langsung ke laut, lautnya bersih dari sampah, sangat bagus untuk foto-foto;Positif
62;BEBASAKSES 00;"Air Terjun Toroan KCT/ Ketapang/ KBT/ Sampang ( MADURA ) Tempat Nya Bagus Untuk Di Kunjungi All Turns.
All Sejagat Raya  ( ATT BEST ) Air nya menyatu dengan air lautan samudera.  Air …";Positif
63;Nur Fadilah;Tempatnya nyaman, banyak spot foto nya juga ada tempat parkir buat mobil juga, dan ketika masuk harus turun tangga dulu kaya destinasi wisata biasanya yaaa ???? …;Positif
64;Laisa Tude;Air Terjun Yg Bagus, Banyak Spot Foto Yg Keren';Positif
65;Moh. Ghufron Cholid;Sangat menarik hati pemandangannya dan bikin liburan bersama keluarga semakin berkesan;Positif
66;Agus Purnomo;Menarik, menyenangkan ada tempat makan lesehan utk sekedar istirahat dn mengisi perut dg pemandangan pantai sipp;Positif
67;Zada Artanti;Air terjunnya bagus bangett. Airnya ngalir langsung ke pantainya. Disuguhi warna air terjun yang bikin gapengen pulang. Dan disana juga menyediakan tempat makan yang nyaman banget dan bisa liat pemandangan sambil makan juga. Bagus deh pokoknya. Kalian harus kesini explore Indonesia yang cantik.;Positif
68;Muhammad Nur Adil;Terbayarkan dengan panorama yang indah, gabungan antara air terjungan dengan pantai sangat memanjakan mata.;Positif
69;mahardian rahmadi;Air terjun kecil tetapi cukup indah. Lokasi tepat di jalur pantura bangkalan - sumenep;Positif
70;ar hakam;"lumayan laah
.perlu ditambahkan bridge depan bawah air terjun nya ...";Positif
71;Istiana Anggraeny;Viewnya bagus, tempatnya jg nyaman buat family time. Makanannya jg enaak;Positif
72;Channelnya Bu Tini;"Viewnya asyiik...
Air terjun tp langsung laut
Kebanyakan air terjun di gunung naah ini di laut …";Positif
73;Salsalah;Air terjun yang menarik di daerah sampang airnya yang segar bisa digunakan untuk mandi mungkin ya, nyaman untuk wisata tapi kurangnya tempat duduk yang minim;Positif
74;Peby Mulya;Pantai bagus,ada tempat makan,ada air terjun menuju laut;Positif
75;Bayu Al Fahmi;Tempat Air terjun nya tidak terawat masih banyak sampah berserakan.;Positif
76;Ini Zoel (Zulfa Graph);Bagus banget cocok banget buat spot foto, buat nyantai sambil liat laut jg bisa;Positif
77;Citra Kusvianawati S;Tempat ini salah satu andalan destinasi wisata yang ada di Kab. Sampang. Pemandangannya sangat unik ditengah laut kita bisa sekaligus melihat air terjun dari sungai yang ada di Kec. Sakobanah;Positif
78;Andi Brata;Waktu terbaik kesini ketika pasang surut dan BUKAN musim penghujan sehingga airnya tidak keruh.;Negatif
79;Habieb Suryantoe Mbolangers;Lumayan bagus lokasi wisatanya..;Positif
80;khoirul umam;"Bagus..
Air terjun yang langsung ke pantai.. dipoles sedikit sama dikasih spot2 pengambilan foto akan lebih baik..";Positif
81;Adhitya Sanjaya;Sudah di kelola dg baik dan bisa jd rujuan wisata anda. Ini adalah hasil gambar yg sy ambil secara pribadi saat bwrkunjung kesini;Positif
82;jelajah sumenep;Air terjun yg langsung bermuara di laut,  untuk kesini bisa menghubungi kami..;Positif
83;Haryo Dwito Armono;Hanya 2,5 jam dari Surabaya, leat jalur pantura Madura, jalan beraspal halus dan bagus. Sangat dekat dan bagus sekali. Jangan berenang dan mandi disana. Berbahaya, Foto-foto dan lihat2 saja, Bagus, ada cafe, musholla, kamar mandi. Parkir …;Positif
84;Deddy Uno;Terpantau masih seperti dulu ?? …;Negatif
85;20-191 Rama priyadi;Airnya terjunnya yang indah, dan juga pemandangan lautnya yang baguss, pokoknya gak nyesel kalo kesana;Positif
86;Bob Indra;Tempatnya bagus sekali, sekitar 2 jam dari Jembatan Suramadu, melalui kota Bangkalan.;Positif
87;Ainum Mabruroh;Pas kesini aliran air terjunnya deres banget, mungkin karena lagi musim hujan ?? …;Negatif
88;fhyt 3;"Air terjun yg tidak terlalu tinggi. Mengalir langsung ke laut.
Waktu kesana banyak sampah di pinggiran laut
Meski demikian semoga tetap mendapatkan barokah dari wali yg ada sana?? …";Negatif
89;Abdul Rachman;Tempat yg nyaman buat menikmati sunset;Positif
90;Bulan Syurga;Cocok sebagai tempat refreshing, piknik, atau tour bersama keluarga.;Positif
91;Wisri Zanuar;Lokasi mudah dijangkau dgn pemandangan yang sangat indah.;Positif
92;Linda eLDe;Good scenery,air terjun yg langsung bermuara ke laut,gag bakal nyesel;Positif
93;Mung Amarindro (Munks mung);Gosok sedikit lagi;Negatif
94;Cupay Christina;air terjun yg cantik. kita bisa menikmati sunset di dekat air terjun;Positif
95;Oktafirda D Carintan;Pemandang cukup bagus dan akses mudah karna berada di tepi jalan;Positif
96;Farid F;Suasana sore yg tdk begitu panas, membuat mata nyaman memandang salah saty ciptaan Allah yg indah;Positif
97;ariyoena samitsa;Air nya hijau ke biruan bagus... jangan sampe dikotori ya... supaya tetep bagus;Positif
98;Nurhayati;Pertama kali kesini, panas sih. Tapi terbayarkan sama air terjun yang menghadap laut lepas;Positif
99;Andika Bayangkara;Satu satunya air terjun di madura yang airnya terjun dari sungai langsung ke laut...bagus banget...kulinernya  mantap...yg recomended ikan bakar kembung maknyus;Positif
100;Prasetyo Hadi;"Bagus.
Cuman kurang bersih lingkungan sekitar.";Positif
101;Imtiyaz Nurul Q;It's okay. Banyak spot2 foto diatas, di bagian bawah air terjun spot foto terbatas.;Positif
102;Garuda Indonesia;Indahnya luar biasa dan sangat istimewa dari air terjunnya;Positif
103;abu dzakiy;bagus potensi alamnya tapi pengololaannya belum maksimal mungkin dikarenakan masih berbasis mandiri;Negatif
104;Tatang Decoration;Seru banget.... Sangat memicu adrenaline apalagi saat ambil gambar dr atas air terjunnya...;Positif
105;DINASTY;Tempat parkir luas. Air terjun alami;Positif
106;Nor Khakim;Bagus, air terjun dg pantai.. Apik kalo air terjun nya ndak begitu deras, dan pantai agak surut.;Positif
107;Kurniadi Wijaya;"Tempat Yang Indah....??????
Tapi Kebersihan Sedikit Perlu/Kurang Terjaga...?????? …";Negatif
108;Muhammad Syaifuddin;"Lokasi.x dipinggir jalan jd gampang dicarinya.
Bs jd tempat singgah bentar menikmati suasana air terjun yang jatuh ditepi pantai.";Positif
109;selly maghfiroh;kesini waktu air keruh dan musim hujan, kalau volume airnya naik sangat menakutkan.;Negatif
110;Firman Hidayat;Pemandangan alam bagus dan murah meriah,pas bnget bagi anda yg lg liburan di madura;Positif
111;riva nq;Bagusss sekali... tapi tetap hal yang perlu di perbaiki adalah sampah.. mari kurangi penggunaan plastik. Thanks;Negatif
112;shohibul ilmi;"Sekarang parkir sudah luas...
Kalau kesini mending sore...senja sore sungguh pemandangan nya";Positif
113;a nurul hadi;Salah satu keunikannya adalah air terjun yang langsung mengalir ke laut sehingga keindahannya sangat memanjakan mata. salah satu tempat wisata unit andalan kabupaten sampang madura, jarang ditemui di tempat lain;Positif
114;alex hidayatulloh;Kalau kesini pas musim kemarau saja. Biar tidak licin.;Positif
115;Nur Hayati;Tempat santai bersama  kelurga dan kerabat. Dengan nuasa alam yang sangat indah dipandang..;Positif
116;Ola Christine Official;Tempat wisata dg panorama dan pemandanganyg sangat indah ... air terjun yg bermuara tepat dibibir pantai utara pulau madura sangat cocok utk tujuan wisata keluarga ?????? …;Positif
117;Edi Lung;Pastikan klo mo kesini pas air lgi pasang, lebih keren.;Positif
118;hanin alhinduan;Tempat yg tenang indah cocok buat couple hehehe bawa keluarga liburan disini sama ikan bakar indahnya dunia ini;Positif
119;Nugraha Fahlevi;PENGELOLA TEMPAT WISATA NYA RAMAH. TEMPATNYA SEJUK.;Positif
120;sam joss;Pemandangan yang bagus untuk santai dengan keluarga;Positif
121;Awik Baidawi;Air terjun yang langsung jatuh ke pantai.;Positif
122;Edo Setyo;air terjun yang langsung turun ke laut luas;Positif
123;Khadijah Faqih;Tempat wisata yang sangat bagus berada di pantai utara madura;Positif
124;Zhafir Al-farezel;"Pengambilan Foto
Dari Wisata Air Terjun Toroan???? …";Positif
125;ISMA WATI;Tempat bagus buat spot foto2 pinggir laut, ada air terjun. Bersih dan dilengkapi dengan tempat makan. Karcis juga murah cuma 5k.;Positif
126;Amrulloh 33;Tempatnya bagus sekali,Sangat menarik untuk dikunjungi wisatawan;Positif
127;Jajak Sekitar;Berdasarkan hasil wawancara kepada warga sekitar, Air Terjun Toroan menyimpan kisah tentang suami istri yang sama sakti antara Sayyid Abdullah dan Siti Marwah yang kini menjadi Buju' Panyeppen (sang istri) dan Makam Tinggi (sang suami). …;Positif
128;Tri Edy Sigit Pramono;"Tiket masuk murah sekali hanya 5 ribu saja, pantai bagus, air terjun juga manambah panoroma yg langka..biasanya jarang ada air terjung dekat pantai cuma kisaran 50m..dari pantai, dan pantai banyak batu karang; bagus untuk selfi..";Positif
129;Shoby Zayzavona;Tanpa tiket masuk hanya bayar parkir, afa kulinernya juga;Positif
130;Wisnu Kinx;Air Terjun yg indah...lgs ke laut...lengkap dgn fasilitas Rumah Makan Lesehan...;Positif
131;Husnul Ika Safitri;Karen, Air Terjun langsung nyatu dengan  Laut.;Positif
132;Hadistria M;Sangat bagus dan  cuma bayar parkir 5k;Positif
133;anton suharto;Lokasi yg terjangkau dr area parkir n nyaman utk keluarga;Positif
134;edy trirahmady;ajibbbb...pantai dgn air terjun;Positif
135;Achmad Sudahri;Sangat indah, dan cocok banget bagi para wisatawan yang ingin memanjakan mata untuk melihat pemandangan yang sangat indah, karena air terjunnya beda bukan di pegunungan tapi di tepi pantai.;Positif
136;Abbu 1234;enak buat tempat istirahat sebentar,trus pemandanganx lumayan bagus dan murah meriah,,,?????? …;Positif
137;Rika Rahmania;Karna tempat nya bagus indah dan memuaakan;Positif
138;Humaidi depadeh;Kurang baik pengelola lokasi;Negatif
139;indi ra;Air terjun langsung mengarah ke laut;Positif
140;basuki mohamad;Tempat nya bagus ... Air terjun yang langsung kelaut.;Positif
141;Donny AZHAR;Tempat makan ikan bakar yang enak di pinggir jalan dan menghadap ke pantai;Positif
142;Olievia P Mulyana;Wisata alam yang dikelola secara alami oleh warga sekitar. Lokasinya dipinggir jalan dengan pentunjuk yang mudah terlihat. Air terjun ini langsung menuju laut jadi untuk foto kita harus menuruni tangga menuju pinggir laut jadi apabila …;Positif
143;Fatin Susanna;Masih perlu pembenahan disana sini utk memudahkan pengunjung menuju sekitar lokasi tp setiap kesini selalu ada kemajuan;Positif
144;ainur sdrj;Tempatnya bagus parkir luas;Positif
145;Ines Kum;Air terjunnya bagus, langsung turun ke laut, pemandangannya jadi double yaitu air terjun dan laut, kita juga bisa naik sehingga bisa berada di atas air terjunnya. tempat parkirnya jg luas jd gak perlu khawatir jika kesana menggunakan mobil;Positif
146;Nurul Azizah;tempatnya bagus...cocok untuk wisata keluarga;Positif
147;rusdi zulkarnain;Air Terjun Toroan di pinggir laut utara Pulau Madura dekat kota kecil Ketapang Kabupaten Sampang. …;Positif
148;Raditya Hendra Pratama;"Air terjun dan tempat wisata yang sangat indah yang ada di pulau Madura bagian utara.
Meskipun tempatnya tidak besar tapi cukup untuk menarik wisatawan untuk berfoto …";Positif
149;Bambang Mtx;Tempat yang bagus dan indah;Positif
150;Rahmat Syarief;Wajib lihat tuk dukung destinasi wisata alam kota sampang, ayoo main kesana;Positif
151;M Kholis;Sungguh indah cinptaan MU Ya Allah;Positif
152;IMAMUDDIN AP;Sunset nya yang menawan sangat dinantikan, lokasinya yang dekat dengan jalan raya memudahkan kita untuk menjangkaunya. Kurang lebih 50km dari jembatan Suramadu, jadi persiapan perbekalan dan fisik karena perjalanan yang cukup lama. Waktu …;Positif
153;Rendra Dwi;Pemandangannya bagus, cocok buat spot foto;Positif
154;SILA BUTIK BATIK;Pilihan piknik murah meriah;Positif
155;Rizal Sarluf;Bagus viewnya, hanya saja tulisan Toroan nya yg dibuat terlalu dekat dengan air terjun, untuj fotografer yg ingin capture air terjun jadi terganggu dengan icon tulisan itu, toilet tersedia;Positif
156;Zhela Aspriela (Zh/A);Rame disini, kalo cari kulineran disini banyak. Tapi seru kalo ke air terjunnya, kalo lagi pasang kayaknya sangat engga disarankan untuk mandi di air terjunnya. Cukup bayar parkir kendaraan disini. Lahan parkirnya juga luas bias motor dan mobil, bus pariwisata juga bisa.;Positif
157;Sigit Ardianto;Air terjun di pinggir pantai.. Spot wajib para landscaper longexposure mania;Positif
158;Wiwin RA;Sangat Indah??;Positif
159;Asyam Mulayyan Dary;Harga masuk akal, ikan kerapunya enak;Positif
160;Siti Maulidiyatul;Satu satu air terjun yang ada di sampang madura bagian udara, air terjun ini langsung bermuara ke laut sebut saja laut jawa. Tinggi air terjun ini mungkin sekitar 5-7 meter diatas permukaan air laut. Airny terlihat biru kehijauan tetapi …;Positif
161;Just Skip;Wisata yang cocok buat kalian yang suka foto - foto dan refreshing;Positif
162;Rio Wija (wijapuccino);Air Terjun yang unik karena aliran airnya langsung menuju ke laut. Termasuk wisata 2 in 1 karena selain air terjun kita juga bisa menikmati pantainya. Nilai tambahnya air terjun ini terletak tidak jauh dari jalan raya.;Positif
163;athval athoillaharamadani;Tukang parkirnya malak dengan dalih penitipan helm, helm hilang memang resiko sendiri. Tapi malah diringkes sama tukang parkirnya dan ditaruh pos penitipan. Jadi bayar 2500. Pemalakan dengan modus penitipan paksa. KECEWA;Negatif
164;Jessica Aalya;Mungkin saya datang di waktu yang salah, karena waktu kesana tempatnya tidak sebagus ekspektasi saya. Juga disana tidak disarankan untuk bermain air, sehingga hanya sekedar objek foto saja;Negatif
165;anang susilowanto;Tempat yg cocok untuk bercengkrama dan kuliner bersama keluarga;Positif
166;nur faizal lisanto;Air terjun langsung ke pantai.. menakjubkan.. kereen;Positif
167;Imam safi 1602;Berada di jalur utara pulau madura. Air terjun ini terbentuk dari saluran irigasi sawah warga, jadi tidak di sarankan untuk bermain air di bawah air terjun.Waktu paling baik untuk ke air terjun ini adalah menjelang matahari terbenam karena …;Positif
168;Rachmat Nursutji;Air terjun toroan adalan wisata alam Madura yg sangat bagus, namun masih sangat memerlukan sentuhan tangan pofesional dan investor utk pengembangannya yg lebih bagus lagi.;Positif
169;Eri Ns;Emang tak s alami n sbagus yg dulu tp ttp eksotik n nyaman buat bersantai..tiket masuk 5 rb k lokasi air terjun...;Positif
170;Adinda;baguuss bangett asliiik ky poto kalender kalo pake background air terjun inii, air terjun di samping lautt, masuknya gratis ada tempat makan, ada bbrp spot foto;Positif
171;Lidia Indriyani;Air Terjun Toroan berada dekat tepian jalan raya , sehingga akses untuk kesana mudah dan cepat kalau kita mau turun melihat secara langsung air terjunnya apalagi tepat berada ditepian pantai.Suasananya sangat nyaman dan terasa dingin karena …;Positif
172;edy humaidi;Kennengennah nyaman cellep;Positif
173;Thetutorials 95;Wisata air terjun yg jatohnya lngsung ke pantai.. Jdi kita bisa dpet 2 wisata sekaligus. Waterfall dan pantai.. Parkir mobil 10 rbu.. Tanpa karcis masuk.. Inget tanpa krcis masuk..;Positif
174;Nurul Mustofa;"Tempat foto""nya kurang dan kotor lagi banyak sampah""nya dan sampahnya di bakar, di dekat jalan evaluasi...";Negatif
175;Ilham Afandi;Berada di arah timur Ketapang Daya hampir mendekati Ketapang bagian Timur. Letak geografis yang mumpuni membuat para travellers yang hendak pergi ke air terjun ini menjadi lebih mudah untuk dilalui. Sejalan dengan masyarakat disekitar …;Positif
176;Pojok Berkah;Jika ingin berenang di air terjun Toroan pastikan jangan berenang ke arah pantai. Karena di sini terdapat palung yang sangat dalam. Bahkan, sudah menelan korban, sebab melanggar peraturan yang telah tertulis di area pantai.;Negatif
177;Pejuangnkri;Tempat nya indah dan cocok untuk santai selain air terjun juga berada di tepi pantai tempat ini sangat inda saat menjelang sore karna tempat ini berada di selatan pantai saat sore matahari persis berada di sebelah barat;Positif
178;Nardi Yanto;Lokasinya berada di pinggir jalan, gampang dicari. Free,ga ada HTM, cm bayar parkir aja. Enak buat sekedar berfoto dan santai²an sekeluarga. Lengkap ada warung lesehan, musholla dan parkiran.;Positif
179;Kholid Ibrahim;Destinasi wisata air terjun yg langsung ke laut, lokasi sangat menarik dan recomended banget bersama keluarga tercinta;Positif
180;A. I. R MUMTAZ;Perlu pengelolaan yg lebih baik dari segi fasilitas penunjang lainnya agar pengunjung lebih tertarik karena setelah berkunjung satu kali kalau kondisinya itu itu aja pasti males untuk datang lagi;Positif
181;Ali Muqoddas;air terjun tempat bermain disaat kecil dulu dulu pasirnya masih utuh sekarang di keruk tiap hari yang tersisa hanya batu karang;Positif
182;Gatot Arie;Jangan Pernah Lelah Mencintai IndONEsia;Positif
183;Dear Busri;wisata air terjun yang letaknya di samping jl. Ketapang-Sampang;Positif
184;Mohammad Zafradi Wagiono;Banyak spot foto, tiket masuk hny bayar parkir saja mobil 10rb n motor 5rb ad musholla kecil dan toilet;Positif
185;Sory Cassanova;Tempat dan pemandangannya sungguh bagus;Positif
186;Hartoya Prasetyo;Bagus si tp harus lbh d tingkatkan lagi;Positif
187;Hammada Syarif;Satu-satunya Air Terjun di Kabupaten Sampang, dan Pulau Madura. ada tempat parkirnya, untuk bukanya dari pagi sampai sore, bisa mendirikan tenda. spot sunset dan ada juga yang menjual makanan disana.;Positif
188;cover ar;Air terjun toroan adalah air terjun yg langsung bertemu dengan pantai seandainya penambangan pasir tidak dilakukan pantai toroan dan airterjun nya akan menjadi pariwisata paling bagus di pulau madura tapi sayang kita harus melihat air terjun dan pantai yg sudah habis pasirnya waktu saya sd saya akui pantai toroan paling bagus;Positif
189;Hafidz Odinsyah;Kalo sunset kayaknya lebih bagus;Positif
190;Moch Amin Tian;Bagus dan bersih;Positif
191;Miki Djaya;Akses ke sananya masih susah, syg sekali.. Jalannua jelek dan sempit.. Serta jangan malam2 karena gelap tidak ada lampu;Negatif
192;M Lan (M_Lan97);Bagus sekali;Positif
193;maz echo;Wisata Ait Terjun Toroan Yang Keren di Madura;Positif
194;abdus salam;Tempatnya asyik, alami, akses masuk mudah karena hanya dipinggir jalan...tapi tlg hati-hati untuk yg membawa lansia krn naik turun tangga...kulinernya juga mantab...;Positif
195;Bella Rizqa Idha Ayu;Air terjun toroan merupakan wisata yang wajib dikunjungi untuk para wisatawan, dikarenakan lokasinya yang tidak membahayakan seperti air terjun pada umumnya. Sayangnya air terjun toroan saat ini belum banyak di kenal masyarakat, padahal air terjun toroan sangat menarik. ?? …;Positif
196;Farida kristina dwi Andatu;Tempat wisata yg bagus dan masih alami perlu sedikit lagi sentuhan agar lebih menarik wisatawan;Positif
197;Echa Ayesha;Harusnya bisa lebih bagus & menarik sayangnya banyak sampah di pantai & air terjunnya;Negatif
198;Fuady Bahari;Salah satuari terjun di madura, berada di pesisir pantai utara berjarak ±45 km dari pusat kota sampang. Menawarkan keindahan air terjun setinggi 3m yang langsung bermuara ke laut lepas sampai paparan laut utara yang mempesona sehingga waisatawan dapat menikmati sunrise pada pagi hari dan sunset pada sore hari;Positif
199;Pipit Chiko97;Walopun prjlnn yg sgt jauh gak masalah tmpat ini perlu dikunjungi.. Sangat mempesona..air terjun Toroan ini langsung menuju ke laut... Pokoknya karunia Allah sangat luat biasa sempurna..;Positif
200;febriyans -;Tempatnya lumayan bagus, cocok banget untuk foto long exposure, rekomendasi waktu terbaik yaitu sore;Positif
201;Yun Iyan;Pantai yang ada air terjunnya...bagus banget pokoknya ?????? …;Positif
202;Joan Atma Gunawan;Destinasi wisata nya bagus banged...tapi mohon hati hati y guys...di tempat ini pengunjung tidak di perbolehkan mandi...alasannya untuk menjaga alamnya tetap utuh dan bagus...selamat berkunjung.;Positif
203;Irfan Afandi;Tempat terbaik buat sunrise sunset;Positif
204;Arga Fabian;Saya kira bakal bagus gimana. jalan tak terawat. sarana foto pada venue hanya sebuah jembatan buatan kecil. dengan latar belakang ibu-ibu yang sedang mandi dan mencuci ???? …;Negatif
205;Nasrullah;Tempat wisata yang bagus, bersih dan masih terkoordiner dengan baik;Positif
206;abidizaky;Sekarang untuk tempat parkir dan rute ke toroan sudah gampang;Positif
207;Fakhrur Amin;Air terjun yang langsng turun ke laut;Positif
208;Silatur Rochman;Pemandangan eksotis pinggir laut;Positif
209;Dibyus Diby;Masukkan dalam daftar kunjungan anda bila ke Madura. Sangat jarang ada air terjun langsung ke laut. bagus sekali di nikmati waktu sore hari sambil menikmati matahari tenggelam. Put it your visiting list when you in Madura. It's very rare …;Positif
210;Tri Bagus Wahyudi;"Air terjun yg menghadap langsung ke Laut....view sunset nya indah sekali
Cek ig kita @tbagusw";Positif
211;Wawan Master;Air terjunnya indah sejuk;Positif
212;pintu ajaib;Lokasinya berada di tepi laut. Merupakan air sungai yang turun langsung ke laut. Saat terbaik melihat air terjun ini adalah sore hari.;Positif
213;TaeKwonDo Kidz;Ga keren.. masih butuh dibersihkan area utk nonton air terjunnya.. baik airnya maupun tumbuhan sekitarnya;Positif
214;sunarto narto;Tempatnya asyik ditepilaut;Positif
215;Danita Gan;Lumayan habis ke bebek sinjai, jalan2 di sini;Positif
216;Faisol Junaidi;Bisa di bilang satu²nya air terjun di pulau madura...???? …;Positif
217;Akhmad Firmansyah;Amazing banget air terjun bertemu langsung dengan laut lepas, dan airnya yang jernih memanjakan mata setiap wisatawan yang hadir;Positif
218;Moh syafiruddin;Air terjun ini merupakan air terjun yang unik, karena pada umumnya air terjun jatuhnya ke sungai, tapi air terjun toroan airnya jatuhnya ke bibir laut atau pantai. Kondisinya pun masih terlihat sangat alami;Positif
219;Hendra Surianta;View air terjun oke, Akses dekat dengan jalan utama, fasilitas cukup oke..;Positif
220;Ismi Sari;Tempatnya dikelola dengan baik... Semoga seterusnya begitu...;Positif
221;didit p;lokasinya yg terpencil dan minim papan petunjuk, butuh google map supaya ga nyasar ...akses jalannya bagus, pemandangan yg indah, kalau ke sini pas tengah hari, panasnya bukan main ...;Positif
222;Dismas Ismanto;Sdh beberapa kali kesini.. Ndak pernah  bosan... Must visit place... Beautiful viewing;Positif
223;dedy bendot;Air terjun kebanggaan masyarakat sampang pada umumnya, dan masyarakat Ketapang pada khususnya. Lokasi sudah mulai banyak perkembangan, sudah terkelola dengan baik.;Positif
224;SSC Reborn Studio;lokasi dan spot alam yg menarik. tp sayang terlihat kumuh dan kotor. seharusnya jd tugas pemerintah setempat untuk mengelola dgn baik.;Negatif
225;arif wahyuono;Bagus banget buat spot foto instagram. Obyeknya bagus & unik;Positif
226;Super Yitno;Tempatnya cukup bagus dan ada cafee dan toilet..;Positif
227;wardah lovers;"Sangat cocok untuk refreshing,
Menghilangkan fikiran tidak tenang akibat dari sibuk bekerja..
Inilah solusi yg pas untuk anda.. …";Positif
228;Ayu Dwi;Rasanya aku ingin jeburan disana wkwk;Positif
229;Achmad Farajallah;Pemandangan indah. Tetapi, sulit parkir dan dukungan rekreasi yg lainnya. Di pantai kiri-kanannya terlihat ada penambangan pasir laut;Positif
230;Pangky Aja;"Akses mudah
Tempat sangat mengesankan
Tapi sayang,karena dipesisir cuaca agak panas …";Negatif
231;Anastasia Wahyu DL;"Ketempai ini pas banjiiir..  Sediiiih... Padahal bagus.. Jadinya ngeri..
Saran aja..  Kesini pas sore hari dan pas nggak musim hujan ya..
Jadi bisa lihat sunset,  air terjun dan pantai sekaligus";Positif
232;Ha Sarwoedi;Tempat yg amat sangat indah dan nyaman ....saudaraku hayo berkunjung tempat ini biaya masuk dan parkir murah meriah;Positif
233;ach choirul;Tempat asyik untuk bersantai bersama keluarga sambil menikmati indahnya deburan ombak dan gemericik air terjun;Positif
234;John Sakera;Tetep suka banget dengan tempat ini;Positif
235;Rista Dinda;Ini air terjun paling bagus, keren banget.. Cocok banget buat ngilangin penat;Positif
236;M. Arif Wardana;Wana Wisata ini Menyuguhkan Sebuah Panorama Pemandangan yang Sangat Indah dan Memuaskan Mata untuk Memandangnya. Pokoknya Nyesel kalau lagi Berkunjung ke Pulau Madura Tidak Mampir Kesini.;Positif
237;Lingga Kurniawan;"tambah baguus...
sudah dikelola masyarakat sekitar.
semoga makin ramai";Positif
238;Danita Rolag;Tempat rekreasi di madura dekat pinggir laut tapi ada air terjunya, masih natural, bagus untuk keluarga;Positif
239;Muhyi S;Panoramanya bagus,  perlu kreativitas utk penambahan area di pantai dan penambahan fasilitas;Positif
240;Faris 25;Suasana alamnya sangat indah karena merupakan perpaduan antara air terjun dengan laut;Positif
241;Lutfi Adjha;Wisata murah dg pemandangan yang indah;Positif
242;Wida Yanti;Airterjun di tepi laut...suatu yang jarang ditemui. Tempat yang mudah dijangkau, karena tidak jauh dari jalan utama. …;Positif
243;Rizqi Puji;air terjunnya kecil warna hijau, kalau sunsetnya top banget si;Positif
244;siti rachimah;Tempatnya nyaman dan indah... Pokoknya gak bikin kita kecewa... ???????????????????????? …;Positif
245;Ikmal Rofahaya M.;Tempat yang cocok untuk ngadem.;Positif
246;Hanan Nuklir Surabaya;Cukup satu kata,.Mantapp...?????? …;Positif
247;Echsan Kasan;Ngopi,nyantai cocok kl kesini;Positif
248;Sukid Skd Skd;Cocok untuk istirahat ngopi dan juga tempatnya indah untu Selfi.;Positif
249;Setio Budi;"Tempat yang menarik!
Anda akan disuguhi tiga pemandangan sekaligus yakni, air terjun, pantai, dan aktivitas masyarakatnya.";Positif
250;Ane Mxcholih;"Air terjunnya masih alami banget, dekat tepi pantai...
Mohon dijaga keasliannya, jangan dikotori oleh sampah";Negatif
251;Miqdad Arrijally;Wisata air terjun tepi pantai yang sejuk, mau siangpun suasana tetap sejuk..;Positif
252;Luluk Latifah;Lumayan,tpi tidak bisa di buat untuk berenang;Positif
253;Ahmad Mahrus;Ada kenangan yang tersimpan disana;Positif
254;Lailatun Nikmah;panorama air terjun langsung ke lautan...menakjubkan utk berfoto ria..hati2 musim hujan batuan jd licin.;Positif
255;BecKitchen TV;Air terjun bagus dan yg perlu di perhatikan kurang luas buat rekreasi;Positif
256;Nikmatul Izza;Cukup bagus, bisa untuk tempat foto prewedding.;Positif
257;Adikenzie Alfaidh;Rugi banget gk kesini kuereeenn..;Positif
258;Arif Wicaksono;lumayan lah;Positif
259;sri bimo adhi yudhono;Bagusnya tdk terduga;Positif
260;ahzai TV;Tempat berlibur yg menyenangkan untuk pasangan dan keluarga dan meikmati air terjun.... yg indah;Positif
261;Rara Pratiwi;Bagus langsung menjorok ke lautan;Positif
262;Muafi Muafi;Hanya saja  tempat nya kurang terawat;Negatif
263;Mift Zaman;Akan terasa lebih indah ketika menjelang matahari terbenam.;Positif
264;Antic 12;Bagus.. Asyik ..banyak bebatuan yg bisa buat duduk2 sambil  main air & buat foto2an;Positif
265;Hedin Hendratarto;Parkir kurang, menuju lokasi air terjun jalannya sangat sempit sehingga berjubel....;Negatif
266;Mahrus Zain;Di keterangan Gratis, pas masuk dikenai tarif tiket 10.000;Negatif
267;Tuan Kuda;Sebaiknya wisata alam biarlah tetap alami, tanpa perlu dibangun ini itu. Bangunan malah bikin rusak;Negatif
268;Jumiya Oke;Ya perlu dimaksimalkan pengelolaannya karena tempat ini sangat bagus sbg anugerah Allah perlu disyukuri;Positif
269;Widjaya 2608;kuliner ikan bakar lesehan mantaapp dan enak, bukber mantap tempatnya;Positif
270;Oonkz Froeza;Air terjun yang indah yang berada di tepi laut sangat bagus untuk yang suka foto-foto;Positif
271;Alfarizy Ajha;Air terjun-nya bagus dan enak buat selfi, Pantai-nya juga sangat bagus suasananya juga mendukung.;Positif
272;welly martinus;Indah, asri, pemandangan laut yang menyegarkan, air terjun langsung menuju ke laut, luar biasa indah;Positif
273;Samsul Arifin;Tempatnya bagus ???? …;Positif
274;Hari yadi;Air Terjun Toroan  di Desa Ketapang, Kecamatan Ketapang, Kabupaten Sampang dekat Jl. Raya dan pantai utara Sampang. Parkir motor dan mobil luas;Positif
275;aditya wicaksono;Lumayan buat refreshing. Tapi naik turun tangga menuju spotnya cukup menguras tenaga haha..;Positif
276;Dicky 2ndPart;Sangat memuaskan...view g kalah sama bali;Positif
277;Herida Madaya;Kenangan masa sma dulu..saat masih natural tak terjamah;Positif
278;Fausi Amiin;di sini kita menikmati keindahan alam berupa pantai dah air terjun dalam satu destinasi;Positif
279;Ibnu Ibnu;Suasana air terjun di pulau garam Madura kecamatan Ketapang kabupaten Sampang Jawa timur;Positif
280;Hobiburrohman Arrohman;Sangat senanng dan bahagia;Positif
281;Damairi Usman;Mungkin ini air terjun satu2nya di madura. Asik juga sih pemandangannya karna air terjunnya di tepi pantai... ???????? …;Positif
282;Erha Agustina;Datanglah saat pagi air laut belum pasang, airnya bening karang terlihat;Positif
283;Fasta Awdesy;Tempat nya bagus;Positif
284;Idruz Vayruz;Air terjun langsung ke pantai satu satunya di daerah madura.. dan merupakan destinasi wisata yg ckup langka.;Positif
285;hadnys setyo;Tempatnya indah.. Masih cukup bersih.. Tempat yg tepat utk menikmati sunset di pulau madura..;Positif
286;Syakir Ali;"Kecewa dengan pemandangannya, mungkin karena saya datang di siang hari.

Mungkin akan lebih bagus pemandangannya ketika sunset atau sunraise";Positif
287;Imam Geniuez;Menurut saya cakep banget klo sore pemandangan nya sangat mendukung sekali;Positif
288;Ach.farhan Ramadhan;Lokasi wisata yg masih perawan,perlu sentuhan seniman agar kedepan lebih baik;Negatif
289;Juhriyanto;Sangat cocok untuk Refresing;Positif
290;Fifi Raidatul Hasanah;Kurang memuaskan, pelayanan kurang , parkir masih kena mahal.;Negatif
291;ilham riskiyanto;Tempat bagus kita bisa lihat AIR terjun yang bisa langsung ke laut...keren;Positif
292;Amar Amhar;"Cantik ... eksotis
Air terjun air tawar langsung didepan ombak pantai...";Positif
293;Dyfandio Daffa;Keren, air terjun langsung k laut Jawa;Positif
294;renita agustiana;Bagus tempatnya.... pinter2 ambil spot foto aja...;Positif
295;Just Archive;Kopi rempah nya enak;Positif
296;Diita Gembul;salah satu icon wisata yg ada di Ketapang Sampang tempatnya yg nyaman untuk bersantai;Positif
297;Rahmat Mashuri;smakin berkembang mnjadi wisata pilihan muda mudi;Positif
298;DWIKI PRAWITA;mantap;Positif
299;Budi Asisi;"Nampak beberapa nelayan dan pemancing
Ada tulisan dilarang mandi?? di air terjun …";Negatif
300;Indra Mahendra;Air terjunnya keren deket laut tinggal dijaga dengan baik;Positif
301;Heri Purnomo;Bagus dan di tepi jalan raya, sayang airnya kotor campur sampah dan cokelat;Negatif
302;Jufriadi;Karena tempat ini sangata unik dan menarik  dari pada air terjun yang pernah saya jumpai di madura;Positif
303;Alfiyah Nada Trianah;Air terjun yang langsung mengalir ke lautan dipadu dengan sunset yang indah, luar biasa.;Positif
304;Afandy Achmad;Keindahan air terjun yang mengalirr , so beautyfull;Positif
305;Heru Winarno;Ada Cafe nya yg bisa menikmati semilir angin laut;Positif
306;anggie crazyangel77;Alhandulillah ke sana pas september 2015 , walaupun musim kemarau tapi airnya jernih dan kondisi bersih.;Positif
307;Susmiari S. Pd;Air terjun menuju laut..  Cipratan jatuhnya air... Sejuk..;Positif
308;Yusron Surya Pranata;Air Terjun Toroan berada di Ketapang Sampang Madura. Bagus banget pemandangan nya;Positif
309;satrya tama;Bagi pecinta alam cocok ya,tapi kalau habis hujan harap hati hati?? …;Positif
310;rayda zean;Good place untuk liburan family yah. Recommended buat wisata yang satu ini;Positif
311;Labisun Labisun;Pemandangannya enak sejuk di rasakannya;Positif
312;Ardian malang;Lumayan bagus.....;Positif
313;Vida Brail;Lumayan,jln menuju air terjunnya agak licin;Positif
314;Peter Amirtha;Pemandangan bagus dan ada tempat makannya cukup enak..;Positif
315;Abdul Rohim;"Fasilitas parkir ok.
Airnya kotor.
Logistik tak ada";Negatif
316;Aas Ridwan (Aak);refreshing with orang2 kantor dan keluarga;Positif
317;enny herawati;Bagus untuk dikunjungi;Positif
318;Maya Sari;Air terjun di wilayah Sampang Madura yg langsung bermuara di laut utara Madura;Positif
319;Raditiyo Mirza Afiansyah;Bagus air terjunnya langsung turun ke pantai/ laut;Positif
320;Eni Rosita;Baru kali ini aku melihat air terjun langsung kelaut....takjub;Positif
321;Theresya Beatriz;Wisatanya kurang dirawat. Tidak bersih.  Cenderung biasa saja.  Jika kesini disarankan pagi hari saja;Negatif
322;Hairin Maliu;Bagus musim kemarau airnya bening;Positif
323;Adhi sucipto;Pemandangan Air Terjun Toroan Bagus sekali dan pakiranya luas saya senang sekali;Positif
324;Andre Rean;Mantap kan bro :v;Positif
325;Priyono Azis;Pemandangan yg sangat menakjubkan air terjun jatuhnya ke pantai;Positif
326;IZMUREEAN;Tempat mudah terjangkau, mungkin kalau lebih bersih sedikit pasti nyaman;Positif
327;Golek Duit Channel;Bagus;Positif
328;abdul kholik;"Ada bbrapa spot yg kurang terawat,
Toilet lebih2..";Positif
329;Adi Aja;Air terjun toroan seruuuu....?? …;Positif
330;Arga Fabian;kurang terawat, fasilitas minim. jarak toilet dengan venue lumayan jauh.;Negatif
331;Aris;bagus sejuk tempatnya;Positif
332;Brad Setiawan86;keren destinasinya .. dan gak ada tiket masuk ... kulinernya murah bangeeet;Positif
333;HN Indra;Air terjunnya langsung k laut mantab deh pokoknya;Positif
334;Nury Damwijk;Pemandangannya sangat bagus. Air terjunnya  tinggiiiiiii;Positif
335;qom 325;Untuk yg ska wisata air terjun+ pantai bisa di coba ke sne;Positif
336;Rizal Efendi;Tapi pas nyeremnya lagi hujan batu dan jalannya licin sekali;Positif
337;Safik Gio;Tempat ini sangat sejuk dan nyaman dan wahananya sangat menyenangkan;Positif
338;Dicky Iwan Setyawan;Natural, indah apalagi kalau diwaktu Sunset atau sunrise dimusim kemarau;Positif
339;Ali Hamzah;Air terjun di jalur pantura jawab, tepat berada di pinggir pantai;Positif
340;KARIM- DARSILO;Sangat senang;Positif
341;Taufik Hidayat;Pemandangan alam lumayan indah di air terjun titian ketapang;Positif
342;achmad alwy;klo musim hujan kurang bagus air nya g jerni .....;Negatif
343;Shevia Fernanda;Pemandangannya bagus dan tidak dikenakan biaya saat masuk;Positif
344;joe vandoel;Indah air terjun yg berbatasan langsung dgn Laut;Positif
345;Soegiarto Soegiarto;Air Terjun yang indah yg airnya langsung ke laut, lokasi ketapang sampang madura;Positif
346;Mazz Bakirz;Karna tempatnya sejuk dan bagus Untuk menenangkan fikiran;Positif
347;Darmo Suwoko Wibisono;Air terjun nya kotor & berwarna coklat ???? …;Negatif
348;Dinda Daa;Spot fotonya diperbanyak biar ga bosen;Positif
349;rifmi utami;Amazing place...bagus untuk tadabur alam, tp tdk untuk mandi...;Positif
350;Bambang Hariyanto;Tempat yg indah dngan pemandangan laut yg luas.....;Positif
351;yonas setiawan;Kebetulan laut sedang pasang . Jadi tidak bisa mendapatkan foto yang baik.;Positif
352;Siens Harianto;Indah,,,;Positif
353;Kaka Uben;Sangat tepat untuk beristirahat dan pemandangan alamnya sangat indah;Positif
354;Ummi Syafira;Bagus, yg pasti tempatnya sejuk dong;Positif
355;Agus salim;Nyaman enak;Positif
356;Ab za Ab;"Tidak seperti awal opening...
Dan sampah berserakan";Negatif
357;COMET RNR PLURBALINGGA;Pemandangan yg menghipnotis mata akan keindahan alam;Positif
358;kharis putra;Siip;Positif
359;Miftahur Rohman;pemandangan pantai yang indah;Positif
360;Alfan Isubahry;suasana alamnya masih asri;Positif
361;Helmy Afrul;Obyek foto yang ciamik ?????? …;Positif
362;Awi Frilian;Wisata air terjun turoan;Positif
363;Galih Wijaya;Tujuan wisata yg lumayan searah dg pantai nepah;Positif
364;Aynta Rimahim;Bagus banget aku suka??pengen liburan ke madura lagi bareng keluarga …;Positif
365;Teguh Firmanudin;Kurang di kelola dengan baik sayang sekali;Negatif
366;M. Abdi Annur;Bagus sekali;Positif
367;Abdul faidh Zinnun al mishri;Bagus sih cuma kurangnya sarana yg mendukung;Positif
368;Fefa Ariba;Destinasi wisata air terjun di pinggir pantai utara kabupaten sampang;Positif
369;Saiful jabejo;Mantap;Positif
370;Ri zal;Menakjubkan;Positif
371;Wawan Setyawan;View buat selpie ok banget;Positif
372;MA Syahru dn;Lumayan;Positif
373;Novi Wahyu;Airnya kotor dan sangat deras jika musim hujan;Negatif
374;Mohammad Hasan;Bagus;Positif
375;Derid 1212;"Amazing
Air terjun yang jatuh langsung ke laut
??????
Wonderful …";Positif
376;Fajar Dwi;Air terjun tepi pantai . Yg begitu indah . .;Positif
377;Alfan Nur Azizi;Pemandangan pantai yang berpadu dengan air terjun...;Positif
378;Icank Icank;Pemandangan yg amat indah;Positif
379;Arif Y;Bagus view photo karena langsung turun ke laut;Positif
380;Arisusanti 490;Lumayan jauh tempat'e,,,,;Negatif
381;Bieng Soecahya;view nya ok, cuma kotor dan kurang terawat;Negatif
382;Yayan Siregar;Kereenn;Positif
383;Dent mrrengiz Dani Dorez 217;Pemandangannya indah sekali?? …;Positif
384;Penjelajah Channel Sampah;Objek wisata yg sangat keren;Positif
385;Agil;Sangat damai suasananya sejuk pemandangan;Positif
386;Wepa Jupiter;Sangat seruu;Positif
387;Tri Sukowibowo Koko;Bagus, lebih bagus lagi kalau dikelola dan dibangun.;Positif
388;Ferri Indra;Bagus pemandangan nya;Positif
389;Siti Yanti;Eksotik..;Positif
390;Billionaire Preneur;Masih alami & bersih;Positif
391;Anisa Fitri;Tempat ini bagus dan juga memberiku kenangan indah yang tak terlupakan;Positif
392;Abdur Tiara;Air tarjun sangat Bagus aku suda Sampaii kesana..;Positif
393;Arifin Suqpin;pemandangan lautnya jg bagus;Positif
394;Utaru Cahyo;Kalau musim hujan airnya kotor dan deras;Negatif
395;Fandi Far;Mudah menemukan lokasi yang diinginkan;Positif
396;Mas Jali;Sungguh indahnya melihat air terjun ini;Positif
397;sodiq ibrohim;Lumayan bagus;Positif
398;pay ical;Recomended;Positif
399;Rafael Denius;Kepengen ke air terjun tpi gc tau tempat nya;Positif
400;Dussakur;Parkirannya kemahalan;Negatif
401;Adi Wardiyanto;"Mantap, sejuk dan indah
Oke la pokoknya...";Positif
402;Soni Hartono;Berbeda dari air terjun yg lain!;Positif
403;Maria Hani;Keindahan darimu Tuhan, terimakasih semoga kami bisa menjaganya;Positif
404;siti salicha;Air terjunnya sangat indah...;Positif
405;Moch Chodri;"Tmpatnya yg alami,,,
Bagus buat hunting..?? …";Positif
406;Dicky Iwan Setiawan;Lokasinya mudah dijangkau,  tidak ada tiket masuk;Positif
407;Zuliani Dalimunthe;Air terjun yang airnya bermuara ke laut...;Positif
408;Marsuqy Sauqy;Sulit ada air terjun jatuhnya ke laut;Positif
409;mux mux;tempatnya nyaman, mudah dijangkau;Positif
410;Sal Sali;Bagus kalo lagi bening airnya .... ?? …;Positif
411;Avid Anjala;air terjun yang menarik langsung ke pantai;Positif
412;Agus Salim;Panorama yg elok cocok buat rekreasi keluarga;Positif
413;Abdul Asis;Baik untuk penelitian ...!;Positif
414;Agus Cahyono;Air terjunx bagus indah langsung turun ke laut;Positif
415;Azmi Mamee;Tempat bagus si,  tapi kurang terawat;Negatif
416;Timoty Johan;Kotor, kebersihan area tidak dijaga;Negatif
417;Ainul Anwar;Lumayan keren;Positif
418;Jucky Lucky;Karena aku tak mau lagi pergi kesana lagi disana sudah banyak makan korban;Negatif
419;Erwin Brewok;Wisata air terjun yg ada d Madura;Positif
420;Hafidzah Talitha Arifin;Sy di Terminal sampang, arah air terjun Tiruan ke mana ya? Bantu dong;Positif
421;Gusti Ard;Air terjun alami yang jernih jatuh ke laut;Positif
422;AL Makki;Tempat nya kotor, dan sempit;Negatif
423;Rofiq;tempatnya ok,,walau agak terpencil tapi mudah di jangkau;Positif
424;Didik Suhariyan;Keren;Positif
425;Moh Idris;Pengen kesini lagi soalnya udah lebih mantep....;Positif
426;Romzatul W;Bagus gratis;Positif
427;Dody Ajay;Luas sekali lautnya;Positif
428;family time;Jalan raya menuju tempatnya sempit;Negatif
429;Raden Budiarta;Tmptnya lumayan ok....view ok;Positif
430;Umam Shof;Mamtaap jooss g rugi trip ke sini;Positif
431;Ronny Hidayat;Biasa saja;Negatif
432;Dedyk Suntoro Atmojo;nice place.. bisa buat preweding;Positif
433;Suharyono Eko Prasetyo;Air terjun langsung ke laut lepas...;Positif
434;Hoirul Anwar;Indah;Positif
435;Yusuf Ibrahim;View-nya bagus... Apalagi sunsetnya;Positif
436;Itb Rony;Ok banget;Positif
437;Ika Fitria Rahma;gilasih, sunsetnyaa parah abiss ehe;Positif
438;Mustafa Tajuddin;Akses ke air terjun kurang enak;Negatif
439;Ridwan Ar;mantap;Positif
440;kang SAMY;Beda sama yg di foto...  Kotor sekali..;Negatif
441;Abil Malik;Perlu penataan ulang,hingga menambah keajaiban;Negatif
442;Amirullah Rahman;rekomandasi tempat liburan;Positif
443;Alya Jasmien;Tempatnya bagus;Positif
444;wahyou cahyono;Bagus;Positif
445;B channel;Datang pas air pasang, jd kurang bagus;Negatif
446;Yuni _Ayu;"Murah meriah
Malah kadang gratis";Positif
447;Husyaimah Ima;Intinya Suka Banget Sama Air Terjun Itu ???? …;Positif
448;Yudi Kiswanto;Air terjunnya cukup indah;Positif
449;Tuan Amos;Biasa aja..dilarang nyemplung berenang;Negatif
450;Ahmad Puji;Air nya dingin seger banget;Positif
451;Happy Tour Surabaya;Bagus tapi kadang airnya sangat keruh;Positif
452;eksa avanda mukti;Salah satu Tempat Keren di Madura. deket Laut dan jalan Aspal juga;Positif
453;Andri Bahtiar;Sesuai;Positif
454;Ars Ns;Bagus indah masuknya cuman 10000;Positif
455;Rahasdita Reo Hansdoko;Sangat bagus, sejuk dan dingin...;Positif
456;Mahendra's Family;Bagus tapi maaf tidak sempat ambil foto;Positif
457;William Patrick;Bagus,  tpi sayang kurang kerawat;Positif
458;Aliefun Remos;"Bagus.. g' kecewa jauh"" kesana...";Positif
459;her sugiono;Pemandangannya keren mekanannya enak;Positif
460;Otnay91;Lokasinya cukup jauh, tapi lumayan indah;Positif
461;Achmad Yulian;airnya bersih dan bagus banget;Positif
462;Markaz Channel;Airnya bening dan suasananya sejuk;Positif
463;Mrs. VE;Pemandangan indah, butuh sentuhan tangan pemangku kekuasaan;Positif
464;Mask of Smiling;Ada toiletnya...ada musholanya..;Positif
465;hairul umam;Airnya jernih banget :);Positif
466;Hyper Sony;bagus . recom lah;Positif
467;Sholichul Hadi;Air terjun langsung kelaut;Positif
468;Machrita N.I.;Air terjun yang cocok untuk short vacation;Positif
469;Fadol Labo Labo;Soal nya Satu2 nya air turjun di madura;Positif
470;Fajar anugerah;Banyak nyamuk;Negatif
471;shole huddin;Bagus;Positif
472;Risky Putra;Mantp air terjun pinggir pantai;Positif
473;Ardik Wijayanto;Bagus, air terjun ke pantai;Positif
474;Hafiluddin;Tempatnya sangat bagus,;Positif
475;Afiq R. Official;Lebih di tingkatkan lagi pemeliharaannya.;Negatif
476;angga apache;Mencari sunset..;Positif
477;Koko Traveler sejati;Lumayan bagus;Positif
478;Lisa DA;Pemandangan air terjun bagus;Positif
479;Yudhi;Air terjun yang langsung jatuh ke laut;Positif
480;Ali Yusuf;Parkirnya Luas viewnya mantap;Positif
481;Pak Iqbal;Tempatnya bagus buat kesehatan;Positif
482;Gus Bayu;Dua bintang dulu,lihat my cennel youtube;Positif
483;Maulana Memen;"Tempatx indah,,,
Akses menuju kesana jg mudah.";Positif
484;Richo M Reza;Tempat buat bengong;Negatif
485;Chusni Mubarok;Air terjun langsung pinggir pantai;Positif
486;Achmad Suryono;tempat wisata pantai yang bagus;Positif
487;Zain Zikakito;Bagus pemandangannya;Positif
488;Muhammad Nefil;Air terjun yg indah;Positif
489;ROHIL AUDIO OFFICIAL;Air terjunnya indah;Positif
490;sam adhi;adem;Positif
491;exgen 934;Air terjun di padu sama laut;Positif
492;Frame8 Photoworks;Cakep pada bulan 2 tertentu saja;Positif
493;Rahmat Rahmat;Indanya pemandangan nya;Positif
494;Siti Nurul;Bagus....cma sedikit seram..;Positif
495;Eko Mustiyono;lumayan, cuma kurang tertata dengan baik;Negatif
496;Fakhrur Rozi;Indah;Positif
497;Gaya Reload;Lokasi Aman dan bersahabat;Positif
498;Sri Wahyuni;Wisata murah meriah;Positif
499;Amin Oziel;Lumayan lah;Positif
500;Uzh Madury;Alamiah banget. Pas buat suasana wekend;Positif
501;Anton Siswanto;Sungguh bagus banget;Positif
502;Nia Happy-Happy Official;Bagus sayang jauh;Positif
503;Edwin Ardiansah;Tempat bagus buat foto2;Positif
504;Jienz Ed;Masih bnyak sampah yg berserakan;Negatif
505;Aris W;Masih bisa digarap lebih bagus lg;Positif
506;Ita Purwanti;Kereeennn abiiizzz... Pengen kesana lagi...;Positif
507;Afida Anakmami;Niagara KW ???? …;Positif
508;Iqbal K Sukasdi;Parkir mobil enggak ada;Positif
509;Shobry Aly muhgni;Indah sekali;Positif
510;Heri Purnomo;Perlu sentuhan lagi agar lebih bersih;Positif
511;Ar Man;Gelombang lautnya lumayan besar;Negatif
512;idexpress ketapang;Semoga terus berkembang;Positif
513;Nukman Ae Cak Man;Bagus dan murah tiket ny;Positif
514;kholil ahmad;Salah satu destinasi wisata d Sampang, Madura;Positif
515;abdul qodir;Alternatif wisata pantura;Positif
516;ALI ARIFIN;Tempat lumayan bersih dan nyaman;Positif
517;Dito Erlangga;Rugi saya datang saat sedang keruh;Negatif
518;Cak Nanang Oi Nanang Oi Pribumi;Bagus gak nyesel main kgesini;Positif
519;Evi Kitty;Penasarannn... Gak pernah nyampek kesana;Positif
520;Micro Security System;Adem;Positif
521;Rahmat Dandi;Bagus untuk spot foto.;Positif
522;Roberto Lilik;Bersih dan tenang...mudah dijangkau;Positif
523;Wawie Erorr;Bagus udaranya seger;Positif
524;Abu Nayeef;Good pemandangan nya;Positif
525;Sugeng Candra Kirana;Kotor kurang bersih tempatnya....;Negatif
526;Saiful Anam;Air terjun Toroan Memang Mantap;Positif
527;arifin yazid channel;Bagus untuk ber wisata;Positif
528;Lets Do It;Kurang terawat;Negatif
529;Reno official;Wisata ini tetangga saya;Positif
530;yudi rosadi;Indah sekali, tidak akan menyesal ?? …;Positif
531;GRACIA SALON;Bagus oke;Positif
532;Raqi Zidan;tempatnya bersihdan rapi amazing;Positif
533;frandik us (prandik);airnya kurang bersih;Negatif
534;Rozi Planner;Bagus tempatnya;Positif
535;lilis maratus;Tempat ini nyaman untuk berwisata;Positif
536;ongko wijoyo;Sejuk, masih alami;Positif
537;Maz Nazir;Ditambah  pelestariannya;Positif
538;Tania P Putri;Tak sebagus di foto;Negatif
539;Zainur Ridho;Keren Pokoknya... ?? …;Positif
540;Mohamad Dimyati Yusuf;lokasi terlihat dr jalan raya;Positif
541;Sengkok Romli;Temapatnya indah dan sangat strategis;Positif
542;Ridoi Ozora;Bisakah mobil masuk;Positif
543;Arief Suherman;Menyenangkan;Positif
544;Cak Ardy;Indah Air terjunnya;Positif
545;Rosis Zeini;Mantap;Positif
546;Aiinie Nozya;Tenang . Sepi;Positif
547;Farisa Geosany;Tdk seindah sprti gambarnya;Negatif
548;Iis Hariyanti Yanti;Saya suka pantai,;Positif
549;Nur Hidayat;Akses mudah,,, lokasi di pinggir jln;Positif
550;Syaiful Bahri;Suasanax Indah menyenangkan;Positif
551;Alwi Sihab;Air terjun yg terindah di madura;Positif
552;Prasetyo Adi;Sederhana.... Natural.... Tapi exotic;Positif
553;Achmad Ubaidillah;Lumayan;Positif
554;beejoe Tujuhkosongtiga;Masih belum kesampaian pngen ksana;Positif
555;Fazaarez;Keren cuy;Positif
556;Rudy Purwana;View laut yg cantik;Positif
557;Laily Widya;Sayangnya pas banjir :');Negatif
558;Murdi;Akses yang sangat mudah;Positif
559;Shiddik Dolar Damay Nya Pncr;Klo madura sungguh indah sekaliy;Positif
560;BAGAS PUTRA;Parkirnya Mahal;Positif
561;Farah Alzhar;Tempat nya bagus;Positif
562;Zainia Lauhim;Buat menghibur dri sendri;Positif
563;Davidson Davidson;Unik dan cantik;Positif
564;mul yadi;Sipp.. indah.. perlu d kunjungi;Positif
565;Ghir Sereng;Enak kalo buat liburan;Positif
566;SULTHAN Videography;sangat nyaman dan sejuk;Positif
567;rafa Rafael;Tempat yg kumuh;Positif
568;risman ynt;Bagus unik alami;Positif
569;21-003_ Raihan Fadillah;Bagus;Positif
570;Abdullah assaydani;Bagus sekali;Positif
571;Mas Sory;Pemandangannya bagus;Positif
572;Andrie Hermawan Putro;Bagus;Positif
573;Abie Ole Olang;Obyek Legendaris di Pantai Utara Madura;Positif
574;Win Winarno;Tempat yg enak unt santai;Positif
575;Moh. Wahed Hasim Asary;Air terjun so beautiful;Positif
576;hady riendy;Bagus;Positif
577;M. Fauzi;Lumayan lah;Positif
578;RIZQI AFSOH;Unik dan Seru..;Positif
579;Satria Imandaka Pradana;Tempat terjangkau;Positif
580;nanang pribumi;gak rugi datang kesini;Positif
581;Alfian Risky;Karna tempatnya sangat indah;Positif
582;Uzzy Gepenk;Senang bersama teman disana;Positif
583;BANG RACHMAN FISHING;Pemandangan yang ciamik;Positif
584;Zay Nuddin;Okey tapi kurang perawatan;Negatif
585;Iskandar muda;Tempatnya bagus;Positif
586;Rizky Nur Masjidi;Lumayan oke;Positif
587;Orang Awam;Saya kos disini;Positif
588;Nur Wahyudi;Mantap;Positif
589;Yarra;Mantapsss;Positif
590;Alfred Ramses;Lumayan bagus..;Positif
591;Dina Yunita;Lumayan meski sempit;Negatif
592;ArTa Channel;Tempatnya sedikit kotor;Negatif
593;Muqorrobin project;Tak suka;Negatif
594;nasyaeif putra;Bagus;Positif
595;Suherman Suherman;bagus sekali;Positif
596;SAMSUL ARIFIN;Bagus;Positif
597;Daniel Christianto;Kurang terawat;Negatif
598;Moh. Safirul Anam;Indah;Positif
599;Abd Gani;Aq suka;Positif
600;Daikong Shitami;Jauh sekali;Negatif
601;abdul aziz;Madura;Positif
602;Mulyo Manggih Widodo;Kurang pengembangannya...;Negatif
603;Hasuke BinZubair;bagus dan dan minim biaya;Positif
604;Mayor Adim;Tempatnya bagus..;Positif
605;Arjuna Rentcar;Air terjun yang indah;Positif
606;Nyimas Khanza Saskhi Nabila;gada apa apa sih, kurang seru;Negatif
607;STORIES_REAL POPULERS;Bagus;Positif
608;Mamat Toroan;Temapat enak dan aman;Positif
609;O-Gear;Tempatnya bagus;Positif
610;Hendry Aslam;Enak pentolnya...;Positif
611;arnanto nugroho;Lumayan bagus;Positif
612;Mufid Official;Tempatku Menimbah ilmu;Positif
613;Ferry Irawan;Sangat bagus;Positif
614;GSA Bangkalan;Buat refresh sejenak;Positif
615;Faisoll Akbar;Air yg indah;Positif
616;I Sanusi;Terbayar;Positif
617;Zeen Dobrak;Suasana yang bagus;Positif
618;niken lanovi;Keren pokoknya ma;Positif
619;Gundul Pacul;Keren;Positif
620;fahrudi ifai;Cukup bagusss;Positif
621;Bojes Farm;Lumayan indah..;Positif
622;Apin Poy;Pokoknya sangat puas;Positif
623;Arief Arfi Alfikry;Indah.... adem... hmm....;Positif
624;Jerry Anggoro;Banyak sampah;Positif
625;Suu Rach;Desa kecil penuh certa;Positif
626;Qifuat TV;Indah dan mempesona;Positif
627;DewantaraID;Sampahnya mengganggu;Negatif
628;Retha Wiyono;Jelek dan kotor;Negatif
629;Jakfar Sodiq;Puas, mantap;Positif
630;Suhartono Bee;Pemandangan yang indah;Positif
631;bari indro pratomo;Tenang ...;Positif
632;kun setiyono;Bagus;Positif
633;eny subroto;Indah banget;Positif
634;Mila Milano;Sangat Bagus;Positif
635;MAZ RIZAL# HONG PEHONG;Bgs;Positif
636;Oonk Louis;Bagus;Positif
637;Green Bohlam;Bagus;Positif
638;chavid top;Bagus dan nindah;Positif
639;hari subarno;Air terjun Toroan ketapang;Positif
640;Heris;Cakep;Positif
641;Danang Budiman;Segar;Positif
642;Lina Charel;Biasa aja...;Positif
643;Riki Afriyanto;Butek;Positif
644;Luluk Mukarromah;Sangat indah dan bangus;Positif
645;Mas Deto;Keren abiss cuyyy;Positif
646;hanif jidda;Menyenangkan;Positif
647;Tieni Tahayoung;Okey;Positif
648;al sya;Sering berkunjung;Positif
649;Jabirut Tamam;Tempat gitu tok;Positif
650;Sauqi Alfarizie;Lumayan Indah;Positif
651;Joni virnanto;Indah;Positif
652;Hidayatullah Syah, LGED HNI-HPAI;Mantul;Positif
653;Ari Basuki;Keren;Positif
654;As'ad Yahya Syafi'i;Indah sekali;Positif
655;R. Nurcahya Dwi Asmoro;Sip;Positif
656;Mr Capung Canel;Mantap;Positif
657;Doel Pentol;Indah, seger dan waoooooooooow bgt.......;Positif
658;Chuwez15;Masok;Positif
659;Satunya Satunya;Bagus bingit;Positif
660;Apdete info Seluruh indonesia;Bagus;Positif
661;Ong jong khing;Lumayan indah;Positif
662;M Irfan Setiadi;Strategis dan indah;Positif
663;Makbul Faqot;Sangat indah;Positif
664;Zeynutdin Zeynutdin;Bagus;Positif
665;Kaconk MD;Alhamdulillah;Positif
666;segianto 39;Favorit para wanita..?????? …;Positif
667;Sinap Sinap;Kurang indah;Negatif
668;Madura Update;Tempat yang indah;Positif
669;maryadi jantan;Bagus;Positif
670;Anggita Ayu;Mengecewakan;Positif
671;Rizky Cihuyy;Sangat indah;Positif
672;Muhammad Afandi;Sangat indah;Positif
673;Azraa Vaey;Strategis dan cantik;Positif
674;andrie rusdiansyah;Bagus;Positif
675;dian Kurniasih;Keren,, instagramable..;Positif
676;Alaina Hanan;Biasa;Positif
677;muhyidin firda;Indah;Positif
678;Ariful Azis;Bagus;Positif
679;kang sukir;Indah;Positif
680;agus pendekar;Bagus;Positif
681;Mely Elkholidi;Bagus;Positif
682;Story Bola;Eksotik;Positif
683;Robbi Indra Wiguna;Murah;Positif
684;Omega Lesta;Indah;Positif
685;Fridinal Deleshef;Jelek;Negatif
686;Nasir 57;Sejuk;Positif
687;Fausi Amiin;Mantab;Positif
688;sarika arinta;indah;Positif
689;Mohammad Nurul Hidayat;Alami;Positif
690;Sampoerna Mild;Keren;Positif
691;Rahmat Hidayat;Indah;Positif
692;Victor Honesto;Bagus;Positif
693;Andre Susanto;Lumayan;Positif
694;Rud aulf;Apik;Positif
695;Hamdan Yuwafi;Sejuk;Positif
696;Husen Efendi Mohammad;Alami;Positif
697;TRI WI JAYANTI;Bagusss;Positif
698;Zainul Arifin;Bagus;Positif
699;Amirul seneng;Waw;Positif
700;Muhammad Prasetyo;Keren tempatnya;Positif
701;Zulkifli Arif;Unik;Positif
702;Ifa Mousee;Mantab;Positif
703;Sapri Rullah;Angker;Negatif
704;Juarieko Arganta;Keren;Positif
705;Nadhila Yusrina;Mantap;Positif
706;Dark Yagami;Tenang;Positif
707;Uyunks Regas;Seru banget;Positif
708;Mazukon Siwickedts;Oky;Positif
709;supri gareng;Indah banget;Positif
710;hasbi umam;Mengesahkan;Negatif
711;Lala CAH AYU MODES AND TAILOR;Asyik;Positif
712;Hasbullah;Bagus juga;Positif
713;Zurach Bhajink Sakti;Karena bagus;Positif
714;Arif Budiman;Pasti transfer;Positif
715;Yu ni;Dekat rumah;Positif
716;Purnomo Dwi Candra;Top banget;Positif
717;Feriiskandar80 Traveller (asenxdayax);pesona Indonesia...amazing;Positif
718;Samm Samm;Sip;Positif
719;Pasker Madura waki;Sip;Positif
720;Atik Rosita;Mayan;Positif
721;Erdiant Rendy;Madura keren;Positif
722;Erika Amelia;layak dikunjungi;Positif
723;Dhay Hidayat;Buaguss Buangett... ?? …;Positif
724;mbaksyaa;Recomended ???? …;Positif
725;agus ardiana;Nyaris sempurna;Positif
726;Prametha Armunanto;View mantab;Positif
727;afandi jayanto;Kepingin kesana;Positif
728;achmad jumadi;Seru bnget;Positif
729;Sudarmanto Darmadji;wisata alam;Positif
730;Sudari Saifuddin;Indah dan asri;Positif
731;Paramitha;A cool waterfall near the beach, not too crowded. People aren't allowed to bath in the waterfall. The rocks are quite slippery. Free entry, only pay for parking. There's still lots of small animals on the beach like hermit crab and little …;Positif
732;olivia a;Several years ago when i first visited this place, it was nice, everything is made by nature, but today i saw huge improvements that makes it even better. There is even a cafe! Well done, Sampang!;Positif
733;Kristina Dameria;"good view waterfall and area was in the main road so access so easy.
free entrance ticket but for car parking have to pay 10.000 rupiah per car.
access to waterfall from parking area not too far just walking go down by around …";Positif
734;Gavin Starkey;Came here several times over the past 5 years. Looks much more developed and clean. Food is good and ample safe parking. Service at restaurant was not friendly on my recent visit.;Positif
735;alam cahya;Best mini waterfall ! Although need 3 to 4 hours to get there from surabaya. But its worth it, got a nice sunset view and fresh water from the waterfall, the waterfall itself falldown through to sea and have an clear view of water. Nice one !;Positif
736;Johan HP;Such a peaceful and beautiful place! The best time to go here is sunset(which unfirtunately, I can not see the sunset there because I went there in the rainy season). But taking picture here in blue hour is also great. I spent a night here …;Positif
737;cantika nizam aluminium;Sayang gak kerja ????????;Positif
738;Siva Prasad;Best place to visit, I love this location;Positif
739;Mohammad Ferianto;Toroan waterfalls is a tourist destination in Sampang. It's located near of Ketapang traditional market. This waterfalls close to the beach so that the water will flow to the sea. This place is not recommended for children because there is not sufficient area for playing and prohibited to swim here.;Positif
740;dian ekawati suryaman;Unique waterfall. The water fall directly in to the sea/beach. This is the biggest waterfall in Madura. We must be very carefull when walking around the beach near the waterfall. Dont ever swim under the waterfall.;Positif
741;Arista Bayu;Although a distance from Surabaya to here is god damn so far, around 100 kilometers, but believe me that worth it at all! The waterfall drop directly into the sea, very unique. But remember, you can't swim in there because there is a hole below the waterfall.;Positif
742;Edwin Azmiramdhan Sulaiman (Edwin / Lemon);It is an adorable place, which is a great spot for relax and take a picture. The access is easy. But the road from Bangkalan to this area is not in a good condition. We must drive carefully. But still, must go place once before you die !;Positif
743;Arief Hartanto;Air terjun dipinggir pantai....luar bi …;Positif
744;Suria Nataadmadja;Man made waterfalls, it’s a diverted overflow from a nearby river to the sea. Ingenious though. Need to walk down 50 steps stair. There’s a small area where people can enjoy the “waterfall”;Positif
745;Christian Wijayanto;small waterfall, but has an easy access, near the public road. the panorama at sunset is very beautiful. you can go down below the waterfall to take some pictures, but be careful because there are many rocks around there. still it's one of several popular waterfall in Madura Island. it's recommended place to visit when you're in Madura.;Positif
746;Jo Ni;"Terletak di pinggir jalan.
Saat musim hujan, tangga becek dan licin.";Positif
747;Phoebe Yulia;Nice and interesting waterfall directly go to the sea. The problem is alot of trash on sea and the rocks around the waterfall/beach. Cheap ebtry only 5 thousand. If you go here, please no trashing. I hope people who work there can clean the place not only asking for entry fee.;Positif
748;James Farley;Small but beautiful. People were very nice!;Positif
749;Frea Renata;super dissapointing, everything isn't treated well. Many trashes are everywhere in the floors , water is pretty much brown and dirty. i dont understand why the rating is 4 tho ??. it is so different with the pics on the google, where the …;Positif
750;???;Sungai mengalir ke laut me …;Positif
751;Zainal Ritonga;Mereuen;Positif
752;Edo Suhartanto;"It's unique ... the water drop into the sea directly
But it is a river used by local, so the pungent smell is noticable …";Positif
753;MTegar RSaputra;a good place to rest when you are on a long trip;Positif
754;Kita Pritasari Arumdati;Easy access, quite clean area, clear water, waterfall right next to the seaside. Good place for photographs and to just chill by the beach with running waterfall behind. Free, only fee for parking. Available toilet, bathroom, and Mushola with praying equipment inside (Qur'an, mukena, sarung, etc.);Positif
755;Ken Guest;It's a waterfall falling  into the sea. Not much else to see and not particularly picturesque, but interesting enough to visit. The little warung at the top is ok, with decent food. There are toilets available.;Positif
756;Lufthans Arstipendy;It is adorable.. But the place is so far about 45 minutes from Sampang city, and also a bit hard to get here.. Must use your own vehicle, not really sure there is a public transport to get here..;Positif
757;Dullatëp;Beautiful waterfall right at the beach with sunset.;Positif
758;Richard K;"The unique thing is this waterfall is directly poured into the sea (beach).
The height is about 9 meter.
Easy access with lot of visitors during holiday..";Positif
759;Erick Kwan;hidden mini waterfall and beach. You can see two place in one time.;Positif
760;gede wijaya;Nice spot for landscape photographer ?????? …;Positif
761;Ani Arifah;Very long drive from Bangkalan with uneven surface. Very dirty/murky water and not much space to take photos! Wasn't expecting that it's actually worst than the photos on Google search. Would not recommend this place for visit.;Positif
762;denny vincentius;good location fresh but hottest place;Positif
763;Faisal Al Shehri;Sebagai pemandangan yang sangat indah dianggap air terjun tanah yang turun ke laut.Masalahnya air air terjun itu membuang kotoran ke dalamnya.Sangat tercemar.Mereka harus menjagan …;Negatif
764;Deni Priyo;Bagus banget..cuma sayang jalan menuju curug rusak parah..tolong diperbaiki..;Negatif
765;Wikan Karis Basutama;A nice waterfall with a view of the sea. Recommended stopping by if you are in Madura. Close proximity to the main road. Large parking area.;Positif
766;Barry Russell;It’s ok. It’s water falling into the sea, so that’s cool! It would be better as a swimming area instead of just a selfie point. But for this area it’s ok to stop and check for 30mins;Positif
767;Baihaqi Bintang;One of the best photo spot in madura;Positif
768;Rakina Rahman;Beautiful waterfall .;Positif
769;Adam Victor Handoyo;Amazing place for landscape lover;Positif
770;joni pri;This place is beautiful and convenience;Positif
771;????:?????????? ???? ?? ??? ?? ???? ???????;"Tampilan yang menarik dan gambar yang indah seolah-olah menggambar dari imajinasi
Tapi itu butuh per …";Positif
772;oscar samosir;Little waterfall and sea view.;Positif
773;Buhari Stisindo;Nice scenery.. Awesome;Positif
774;zaini Art;It's beautiful.;Positif
775;Rizky Analdo;Just visit madura and arrived here. Quite good place. But the access to go in it a bit hard bc we stepped on a root..;Positif
776;Novel firdhaus;Literally not like I'm expected, the waterfall is so small and we can't swim too no too recommended.;Positif
777;Kate Hall;Beautiful waterfall, and fairly rare. Easy access, with parking above.;Positif
778;Cing Cing;Amazing place to shot;Positif
779;Lazuardi Al Muzaki;hidden place ad worth, quiet from crowds though it's all accessible by any vehicles. That's make it special;Positif
780;Dyan Fatah;Good view, still natural. Need more manage to make the best;Positif
781;Paul Widjanarko;Great place to visit and taking beautiful picture of the waterfalls during Sunset;Positif
782;Poeng;Beautiful water falls at beach;Positif
783;Rose Diana Sari;Mini waterfall in north Madura Island ..;Positif
784;Fithra Asriyani;Besar;Positif
785;Selvie Liao;Nice...;Positif
786;Mofir;Ok;Positif
787;faried alvino;Air yerjun toroan sampang;Positif
788;Mardi Setiawan;River fall to the sea;Positif
789;Azura Azura;Niceeee;Positif
790;M. Anwarsyam Mohamad;nice spot;Positif
791;Natsuri Afroh;Bagu jgk ya payment danga pun bag …;Positif
792;Roudhotul Ilmiyah;Airnya tidak sejernih di foto;Positif
793;Rendy Lewerissa;Had a great view to relief stress, especially at sunset;Positif
794;Ali mahrus;sip;Positif
795;Cristian Moreno;It's OK for a nice stop and even for a tasty meal!;Positif
796;fnu asnawi;sampah dimana-mana.. huhu.. kecewa?? …;Negatif
797;entop topan;nice scenery;Positif
798;Steven Ray W;Silence, the environment is really quite, beautiful, and fresh air.;Positif
799;Rohid_akram;Kor cek settong dereh;Positif
800;Novian3 DK;There's have a good place for your trip in island;Positif
801;Sigit Purnomo;Beautifull view...;Positif
802;Smart Foto & Video Surabaya;Landscape photography;Positif
803;Afrinaldi Zulhen;One of the best sea-waterfall in thr world;Positif
804;Reza Syahputra;Quite good place, but need more improvement.;Positif
805;Herlina Halim;Need more facilities to take good point of picture;Positif
806;Soffian Joyopranoto;Good view when the Sun in the Northern;Positif
807;ibnu widagdo;NIce;Positif
808;Graeme Ts;Nice waterfall of freshwater into the Java Sea.;Positif
809;Bayu K;Good place for hunting photo with wild inspiration;Positif
810;Salahuddin Muhammad Iqbal;Perfect place for photoshooting any surreal themes.;Positif
811;Akmal Rizal;Nice place to visit.. Very recommended.;Positif
812;Retno Tri Lestari;Nice waterfall;Positif
813;moh huzaini;Top;Positif
814;Nurul Hudi;Beautiful waterfal;Positif
815;Maskur Unlimited;Murni;Positif
816;Gandi Tan;Recommended Place;Positif
817;Anas Jhaya;Wow;Positif
818;khoiril hidayat;Perlu ditingkatkan …;Negatif
819;Bayari Sentono Putro;Excellent view, sea front;Positif
820;Moh Bahri;Beautiful and wonder full beach;Positif
821;Ria Puspitasari;I recommended you to visit this place if you are in madura;Positif
822;Hendra Gunawan;Not much to do, just took some pictures;Positif
823;Ming Bee;cool and beautiful place to go;Positif
824;Abdullah Aziz;Cantik & kere …;Positif
825;Yudi Priyono;Beautifull;Positif
826;Antonius Masashi;Juga up …;Positif
827;A Hz;A good place for couples ?? …;Positif
828;My news 24;Good;Positif
829;Edy Sony;Sekali lagi te …;Positif
830;Hasani an nawawi;Bagus dan sangat bagus …;Positif
831;fajar mahardika;Nice and natural waterfall;Positif
832;Zaein Fairuzz;Bagus, suasana sejuk, keren gayzz …;Positif
833;Arifin LhorEezz;Benxk brit ini;Positif
834;El Maulidy El Madury;Is The Best;Positif
835;happy channel;Tempatnya cukup menye …;Positif
836;Rossie Vanzer;It't amazing you know;Positif
837;Budi Kurniawan Mugcantik;Beautiful;Positif
838;Abrori Majid;Sipp;Positif
839;Imatus Solicha;The water is so fresh;Positif
840;Andi Taufik;Joss;Positif
841;Dradjad Uripno;Beautiful Sun set;Positif
842;Soqui Suqeje;tempat yang sanga …;Positif
843;jie nug;Just an ordinary pitstop ...;Positif
844;Agung Setiawan;Landscape photography;Positif
845;AL-THUBA;Good;Positif
846;April Caem;Bgussssss;Positif
847;Samroal Launah;Beautiful waterfall;Positif
848;Roeji Ucil;baguus;Positif
849;MAS Official;Okay;Positif
850;Khairul Umam;Mantap;Positif
851;SINAR TEKNIK ABADI;ok;Positif
852;Anto Prabowo;Hidden gem;Positif
853;KADHAFI 161;Seppp;Positif
854;Gus imam official;Ok;Positif
855;Shevyn Andreas;Josssss;Positif
856;Minda Alzilia;Ok;Positif
857;hendra lesmana;Woouuuuuuuuuuuuuuuuuuuu …;Positif
858;Raiden YT;best place ever;Positif
859;DeRatu Syafruddin;Nice;Positif
860;Anum Barista;Good;Positif
861;amreen hd;Natural Beauty;Positif
862;Indriati Ningtyas;Like this;Positif
863;Helmy Setyawan;Amazing;Positif
864;Andi Purwanto;Sep;Positif
865;arief lukman hakim;Waterfall;Positif
866;Doel Pentol99;Cakeeeep......;Positif
867;Steven Chen;Good place;Positif
868;Suherman Yacob;nice place;Positif
869;ucup doank;Serru buaaget;Positif
870;hoiriyah hoi;Beautiful....;Positif
871;Abdul Wahid;Good place;Positif
872;Fhiina ashraf;Beautifulll.....;Positif
873;Basri Hailullah;Desa ku;Positif
874;Agus Sudrajat;Magnificent...;Positif
875;SYAIFUL BAHRI;Yoi;Positif
876;Yanto;Muaannnntaaap;Positif
;;;
;;;
;;;
;;;
;;;
;;;
;;;
;;;
;;;
;;;
;;;
;;;
;;;
;;;
;;;
;;;
;;;
;;;
;;;
;;;
;;;
;;;
;;;
;;;
;;;
;;;
;;;
;;;
;;;
;;;
;;;
;;;
;;;
;;;
;;;
;;;
;;;
;;;
;;;
;;;
;;;
